0.253956600000000;0.177671100000000;3.84253800000000;0.267863600000000;0.435635000000000;3.76281400000000;0.282182200000000;0.688743900000000;3.67270400000000;0.260408200000000;0.803002900000000;3.65021300000000;0.151506000000000;0.609472700000000;3.74541400000000;0.127972100000000;0.385121900000000;3.84488800000000;0.0996988400000000;0.178980800000000;3.84105600000000;0.0851854500000000;0.134490300000000;3.83138000000000;0.387609200000000;0.579198700000000;3.63459700000000;0.430098400000000;0.356000400000000;3.68216000000000;0.411021300000000;0.133765900000000;3.68341200000000;0.399200600000000;0.0890097100000000;3.69379500000000;0.197690400000000;0.179625500000000;3.82933900000000;0.244865800000000;-0.109241600000000;3.93755500000000;0.285605800000000;-0.415403300000000;4.09817600000000;0.308558000000000;-0.481833500000000;4.06432000000000;0.306297900000000;0.173109900000000;3.79344800000000;0.350128900000000;-0.114533300000000;3.87735400000000;0.378517400000000;-0.422221700000000;4.02421400000000;0.338407600000000;-0.474042700000000;4.04655400000000;0.278800900000000;0.626243700000000;3.69709200000000;0.0641052100000000;0.0989292000000000;3.80851800000000;0.124958500000000;0.130068500000000;3.82149900000000;0.382732200000000;0.0529673800000000;3.69471100000000;0.369843800000000;0.0968269000000000;3.68982000000000
0.254155200000000;0.177833500000000;3.84247400000000;0.268107800000000;0.435791300000000;3.76262500000000;0.282323200000000;0.688853300000000;3.67241800000000;0.260436100000000;0.803116200000000;3.65015900000000;0.151583100000000;0.609612500000000;3.74537100000000;0.127946500000000;0.385086000000000;3.84489200000000;0.0970674400000000;0.179240000000000;3.83754100000000;0.0884549200000000;0.142457700000000;3.83146700000000;0.387532100000000;0.579362100000000;3.63432300000000;0.430174000000000;0.355997000000000;3.68159400000000;0.411609700000000;0.134202100000000;3.68328000000000;0.398311000000000;0.0879968200000000;3.68866900000000;0.197940100000000;0.179707800000000;3.82927300000000;0.246276300000000;-0.109074200000000;3.93639400000000;0.285101700000000;-0.413422100000000;4.09792000000000;0.303897300000000;-0.480197100000000;4.05490600000000;0.306437500000000;0.173340900000000;3.79334400000000;0.350989600000000;-0.0635231800000000;3.83349200000000;0.380348100000000;-0.428138700000000;4.02479800000000;0.339308600000000;-0.476181000000000;4.04857100000000;0.278960100000000;0.626359800000000;3.69684600000000;0.0639725800000000;0.0883491900000000;3.80151900000000;0.123951700000000;0.131400700000000;3.82437900000000;0.390742600000000;0.0359212200000000;3.70098500000000;0.372391400000000;0.0984581900000000;3.68958500000000
0.254241200000000;0.177833300000000;3.84247700000000;0.268269900000000;0.435896200000000;3.76258300000000;0.282463400000000;0.689099300000000;3.67232000000000;0.260536500000000;0.803282700000000;3.65021700000000;0.151258100000000;0.608559500000000;3.74556100000000;0.128123400000000;0.386717900000000;3.84374600000000;0.0977835500000000;0.180984900000000;3.84276800000000;0.0835884400000000;0.137721700000000;3.82312500000000;0.390062900000000;0.575959000000000;3.63704600000000;0.430462700000000;0.355973100000000;3.68135400000000;0.412105500000000;0.134811800000000;3.68289600000000;0.396576900000000;0.0881521600000000;3.68810400000000;0.197954400000000;0.179708500000000;3.82927300000000;0.246094300000000;-0.109457900000000;3.93668700000000;0.285295800000000;-0.414694100000000;4.09775700000000;0.302545600000000;-0.481813000000000;4.05424500000000;0.306628200000000;0.173320000000000;3.79332400000000;0.347295300000000;-0.0632952200000000;3.83647900000000;0.379291800000000;-0.428804600000000;4.02577100000000;0.337751400000000;-0.474190300000000;4.04602400000000;0.279103500000000;0.626561200000000;3.69677100000000;0.0619588800000000;0.0983492200000000;3.78618500000000;0.127831400000000;0.142893500000000;3.81480000000000;0.385592000000000;0.0493567100000000;3.68846000000000;0.371126900000000;0.108756000000000;3.69042900000000
0.254338600000000;0.177694800000000;3.84229900000000;0.269380900000000;0.435760700000000;3.76229000000000;0.285355700000000;0.689095500000000;3.67204000000000;0.260487500000000;0.803034800000000;3.65021200000000;0.151694300000000;0.608159300000000;3.74493400000000;0.128338600000000;0.386623900000000;3.84383500000000;0.103771500000000;0.179936200000000;3.83569200000000;0.0877530600000000;0.140574800000000;3.82476900000000;0.388902800000000;0.578321700000000;3.63562300000000;0.430604400000000;0.355360100000000;3.68076700000000;0.412509300000000;0.135109100000000;3.68141400000000;0.397257000000000;0.0862117700000000;3.68451000000000;0.198032000000000;0.179516500000000;3.82888500000000;0.245979500000000;-0.109522700000000;3.93661600000000;0.286384600000000;-0.414656700000000;4.09698100000000;0.300154900000000;-0.483003300000000;4.05570100000000;0.306731400000000;0.173188100000000;3.79323800000000;0.346358600000000;-0.0633276100000000;3.83723900000000;0.379213100000000;-0.429137300000000;4.02584500000000;0.337734000000000;-0.475479500000000;4.04551500000000;0.281463400000000;0.626511900000000;3.69648800000000;0.0622702100000000;0.0919212200000000;3.80090400000000;0.124260900000000;0.130824200000000;3.81871100000000;0.395847000000000;0.0353414200000000;3.69945800000000;0.376695300000000;0.117325800000000;3.68871400000000
0.254630600000000;0.178142300000000;3.84225000000000;0.269793200000000;0.436426500000000;3.76244400000000;0.285595100000000;0.689901300000000;3.67245000000000;0.260420200000000;0.803596100000000;3.65053100000000;0.151768100000000;0.608197500000000;3.74501600000000;0.128424600000000;0.386400100000000;3.84378100000000;0.101777200000000;0.179967300000000;3.83475800000000;0.0874447200000000;0.145217900000000;3.82915600000000;0.387874500000000;0.579248500000000;3.63502800000000;0.430777500000000;0.356384500000000;3.68048100000000;0.412921400000000;0.135507000000000;3.68174300000000;0.398172100000000;0.0880737900000000;3.68778700000000;0.198424200000000;0.180127200000000;3.82887100000000;0.242466500000000;-0.0996909400000000;3.93132000000000;0.286198500000000;-0.413953600000000;4.09697200000000;0.311285400000000;-0.478307700000000;4.05292700000000;0.306906300000000;0.173460900000000;3.79314300000000;0.346273500000000;-0.0630965500000000;3.83716600000000;0.353896900000000;-0.419700300000000;4.04407200000000;0.317228500000000;-0.471086600000000;3.95495400000000;0.281759800000000;0.627283500000000;3.69683700000000;0.0483270800000000;0.0882572500000000;3.79752000000000;0.123787200000000;0.133452000000000;3.81923200000000;0.389916600000000;0.0352627100000000;3.69112600000000;0.373336800000000;0.113390700000000;3.69105900000000
0.254692300000000;0.178228600000000;3.84225700000000;0.269885800000000;0.436671100000000;3.76240300000000;0.285551500000000;0.690342100000000;3.67232600000000;0.260333600000000;0.803677000000000;3.65055800000000;0.152128200000000;0.608519400000000;3.74451700000000;0.129016700000000;0.389397800000000;3.84311200000000;0.101644200000000;0.183067300000000;3.83515400000000;0.0876667500000000;0.141414000000000;3.83327400000000;0.390768500000000;0.579304500000000;3.63653700000000;0.431189200000000;0.355733200000000;3.68076800000000;0.411742500000000;0.134548400000000;3.68219400000000;0.397639900000000;0.0863249800000000;3.68991900000000;0.198430300000000;0.180261300000000;3.82868200000000;0.243252800000000;-0.103902700000000;3.93382200000000;0.285450100000000;-0.406401300000000;4.09379100000000;0.298280100000000;-0.475649000000000;4.05836000000000;0.307094700000000;0.173585500000000;3.79336500000000;0.342951200000000;-0.122376900000000;3.88842600000000;0.372037100000000;-0.412804200000000;4.03032700000000;0.338843200000000;-0.471452000000000;4.03503800000000;0.281763900000000;0.627665900000000;3.69674300000000;0.0587122000000000;0.0882643100000000;3.79785300000000;0.123763200000000;0.128366400000000;3.81967800000000;0.401327700000000;0.0353786900000000;3.70345600000000;0.370495800000000;0.0938684800000000;3.68175000000000
0.254836900000000;0.178424600000000;3.84213100000000;0.269788100000000;0.436742400000000;3.76232600000000;0.284543600000000;0.690304200000000;3.67216100000000;0.260847600000000;0.805445000000000;3.64968000000000;0.152357000000000;0.608835600000000;3.74471400000000;0.129055100000000;0.389347100000000;3.84301600000000;0.100621700000000;0.183165800000000;3.83507100000000;0.0850205900000000;0.143799700000000;3.83157500000000;0.389673400000000;0.580226200000000;3.63575300000000;0.431182800000000;0.355675800000000;3.68067800000000;0.411931000000000;0.134749500000000;3.68205100000000;0.395908600000000;0.0883354800000000;3.68694800000000;0.198649000000000;0.180495000000000;3.82885400000000;0.242500300000000;-0.102160100000000;3.93336200000000;0.285889800000000;-0.410170300000000;4.09357200000000;0.250175000000000;-0.461733800000000;4.00424200000000;0.307225700000000;0.173868300000000;3.79263300000000;0.348153200000000;-0.109490000000000;3.87348900000000;0.375401300000000;-0.412635900000000;4.02576700000000;0.338491900000000;-0.471551400000000;4.03464600000000;0.281101600000000;0.627684700000000;3.69660600000000;0.0552869600000000;0.0898040100000000;3.81155500000000;0.0771635300000000;0.124221000000000;3.78520000000000;0.389596700000000;0.0478364200000000;3.68820900000000;0.368487200000000;0.0972115200000000;3.68363400000000
0.254955300000000;0.179010500000000;3.84223200000000;0.269854300000000;0.437107100000000;3.76223000000000;0.284511900000000;0.690525100000000;3.67192300000000;0.260938800000000;0.805594100000000;3.64939700000000;0.152868900000000;0.609602100000000;3.74443800000000;0.129190000000000;0.389346000000000;3.84301800000000;0.103728300000000;0.182920800000000;3.84061100000000;0.0905284100000000;0.139424500000000;3.83173200000000;0.388620800000000;0.581089300000000;3.63473900000000;0.430991000000000;0.355986200000000;3.68028300000000;0.410893900000000;0.134699400000000;3.68180800000000;0.397930600000000;0.0881164300000000;3.68508300000000;0.198822000000000;0.180879100000000;3.82892300000000;0.242002800000000;-0.0991046600000000;3.93239100000000;0.285901600000000;-0.410194200000000;4.09379600000000;0.249833400000000;-0.461722900000000;4.00465100000000;0.307215400000000;0.174603000000000;3.79276300000000;0.352406300000000;-0.0631842000000000;3.82964600000000;0.376684500000000;-0.412680600000000;4.02222600000000;0.336165000000000;-0.469223700000000;4.03701600000000;0.281088400000000;0.627928800000000;3.69641300000000;0.0693035600000000;0.0885114700000000;3.80851900000000;0.127828800000000;0.129161800000000;3.82371400000000;0.404641000000000;0.0453049700000000;3.68770400000000;0.370286200000000;0.0946849500000000;3.67966700000000
0.254965800000000;0.178987000000000;3.84219500000000;0.269846900000000;0.437113500000000;3.76224800000000;0.284372200000000;0.690602400000000;3.67216000000000;0.261020800000000;0.805412100000000;3.64924100000000;0.153265800000000;0.610481900000000;3.74419600000000;0.129228900000000;0.389323100000000;3.84310700000000;0.101998200000000;0.183034200000000;3.83770200000000;0.0872723900000000;0.142087900000000;3.82827200000000;0.388349700000000;0.580890900000000;3.63460500000000;0.430904000000000;0.356352900000000;3.68051200000000;0.410603600000000;0.134474000000000;3.68185200000000;0.398614100000000;0.0879142300000000;3.68493500000000;0.198820400000000;0.180868400000000;3.82891100000000;0.242520800000000;-0.100764500000000;3.93337700000000;0.285889400000000;-0.410456000000000;4.09481300000000;0.249716800000000;-0.461962300000000;4.00570900000000;0.307238200000000;0.174540400000000;3.79267800000000;0.348650200000000;-0.100610100000000;3.86303400000000;0.376980500000000;-0.413167800000000;4.02147800000000;0.340084400000000;-0.464604600000000;3.93244000000000;0.280991700000000;0.627982900000000;3.69657600000000;0.0586891800000000;0.0882255700000000;3.79618600000000;0.125929200000000;0.127866100000000;3.82465400000000;0.398910900000000;0.0452252900000000;3.68112300000000;0.370695000000000;0.0959295200000000;3.68097400000000
0.254973600000000;0.178982400000000;3.84219300000000;0.269864300000000;0.437131000000000;3.76219700000000;0.284358400000000;0.690662200000000;3.67197600000000;0.261350700000000;0.805241800000000;3.64940600000000;0.153444100000000;0.610519200000000;3.74391600000000;0.129539700000000;0.388758200000000;3.84260200000000;0.103038900000000;0.182389500000000;3.83751200000000;0.0865833100000000;0.142562100000000;3.82883900000000;0.390758700000000;0.580064700000000;3.63615100000000;0.431029400000000;0.356541800000000;3.68052900000000;0.410159800000000;0.134078700000000;3.68190500000000;0.398305800000000;0.0880974500000000;3.68526900000000;0.198788800000000;0.180896800000000;3.82892900000000;0.242811400000000;-0.101545600000000;3.93364100000000;0.282430800000000;-0.406144600000000;4.09551600000000;0.246956900000000;-0.457772300000000;4.00611000000000;0.307347000000000;0.174427100000000;3.79262500000000;0.348794500000000;-0.100364100000000;3.86265400000000;0.377382000000000;-0.413315700000000;4.02140200000000;0.332022400000000;-0.463328600000000;4.06431500000000;0.280985900000000;0.628029800000000;3.69643900000000;0.0587419600000000;0.0882953000000000;3.79918600000000;0.123752900000000;0.143003200000000;3.81760000000000;0.403650000000000;0.0451944000000000;3.67870400000000;0.370793800000000;0.0976086100000000;3.68131400000000
0.255016300000000;0.178924600000000;3.84215900000000;0.269865200000000;0.436766900000000;3.76180800000000;0.284051200000000;0.689567300000000;3.67076300000000;0.261885000000000;0.804964500000000;3.64888100000000;0.153881300000000;0.609644500000000;3.74310800000000;0.129905800000000;0.386720900000000;3.84188300000000;0.101016500000000;0.180699400000000;3.83761500000000;0.0890519100000000;0.139247100000000;3.83128700000000;0.389059300000000;0.582699700000000;3.63429400000000;0.431032500000000;0.355763800000000;3.68003300000000;0.409775300000000;0.133806600000000;3.68175300000000;0.399354800000000;0.0899936200000000;3.68243000000000;0.198824200000000;0.180737900000000;3.82875900000000;0.242825200000000;-0.101549800000000;3.93354700000000;0.282300400000000;-0.408957300000000;4.09491300000000;0.243042000000000;-0.476562500000000;4.10156300000000;0.307391000000000;0.174397400000000;3.79265200000000;0.349689300000000;-0.109671900000000;3.87054600000000;0.377192700000000;-0.419665000000000;4.02401400000000;0.332133900000000;-0.473611400000000;4.04523200000000;0.280770600000000;0.627161900000000;3.69548600000000;0.0594649100000000;0.0891703100000000;3.80999500000000;0.124671500000000;0.120424900000000;3.82975000000000;0.398394300000000;0.0451679600000000;3.67645600000000;0.371861000000000;0.100234500000000;3.68373700000000
0.255153700000000;0.178689500000000;3.84158400000000;0.270082300000000;0.436063400000000;3.76099200000000;0.284298700000000;0.688203600000000;3.66975800000000;0.261316800000000;0.803654800000000;3.64734300000000;0.155335800000000;0.608956500000000;3.74131300000000;0.130154300000000;0.386247900000000;3.84158200000000;0.102592400000000;0.180013000000000;3.83593300000000;0.0919271600000000;0.142602000000000;3.82758500000000;0.388046400000000;0.583165600000000;3.63243000000000;0.431376800000000;0.356432100000000;3.67751800000000;0.410362900000000;0.134603600000000;3.67819500000000;0.399277800000000;0.0933994600000000;3.67671000000000;0.198946400000000;0.180517200000000;3.82814500000000;0.241962100000000;-0.0967370500000000;3.92930300000000;0.281155500000000;-0.403300100000000;4.09134500000000;0.245108000000000;-0.454942600000000;4.00227500000000;0.307501000000000;0.174131500000000;3.79213200000000;0.344506300000000;-0.0633232600000000;3.83475000000000;0.377246700000000;-0.419811600000000;4.02393200000000;0.342090100000000;-0.473860100000000;4.05175100000000;0.280996400000000;0.625978500000000;3.69452700000000;0.0639439100000000;0.0883143200000000;3.80001900000000;0.123940300000000;0.116037500000000;3.82320000000000;0.398207500000000;0.0451458100000000;3.67465600000000;0.371147800000000;0.0835787400000000;3.67166700000000
0.255748200000000;0.178509500000000;3.84080100000000;0.270279000000000;0.435768300000000;3.76078500000000;0.284283200000000;0.687679500000000;3.66990500000000;0.260912300000000;0.800629900000000;3.64732200000000;0.155492200000000;0.609082300000000;3.74127800000000;0.131116800000000;0.367488100000000;3.83951000000000;0.0863974100000000;0.136714100000000;3.82112200000000;0.0658063700000000;0.119911300000000;3.81223200000000;0.387446700000000;0.582991100000000;3.63204700000000;0.431427000000000;0.356715200000000;3.67746800000000;0.409908300000000;0.133673200000000;3.67851500000000;0.400349600000000;0.0933471200000000;3.68783400000000;0.199537500000000;0.180513400000000;3.82732400000000;0.242648500000000;-0.101142500000000;3.93187100000000;0.284764700000000;-0.411948300000000;4.09205600000000;0.269732300000000;-0.481677300000000;4.06071000000000;0.308050500000000;0.173751000000000;3.79139400000000;0.351342000000000;-0.136635800000000;3.89090100000000;0.377374100000000;-0.421363300000000;4.02244600000000;0.341992500000000;-0.473459400000000;4.04622800000000;0.281029900000000;0.625547900000000;3.69457000000000;0.0586048900000000;0.0881016300000000;3.79085300000000;0.0739912500000000;0.102121500000000;3.78150000000000;0.389755600000000;0.0419608900000000;3.68946000000000;0.371880700000000;0.0942331900000000;3.68073500000000
0.256167900000000;0.178157000000000;3.84078300000000;0.270427300000000;0.435688200000000;3.76079700000000;0.284303400000000;0.687709700000000;3.66994600000000;0.261013600000000;0.799950700000000;3.64731100000000;0.156667200000000;0.608748900000000;3.74088600000000;0.131550100000000;0.372240900000000;3.83940000000000;0.0949353000000000;0.167429100000000;3.83357800000000;0.0867008700000000;0.139322400000000;3.82892100000000;0.393292600000000;0.577610000000000;3.63576800000000;0.431731100000000;0.356038700000000;3.67790000000000;0.412763400000000;0.148942500000000;3.67753100000000;0.400577800000000;0.0950015600000000;3.68545500000000;0.199729900000000;0.180270900000000;3.82727800000000;0.242767800000000;-0.106077700000000;3.93507500000000;0.285519400000000;-0.412824100000000;4.09287000000000;0.278474000000000;-0.483374200000000;4.05780700000000;0.308740600000000;0.173254700000000;3.79143600000000;0.346545700000000;-0.121282100000000;3.88054000000000;0.377163600000000;-0.420740200000000;4.02114100000000;0.336629200000000;-0.471636200000000;4.04011200000000;0.281059700000000;0.625555400000000;3.69459900000000;0.0551252500000000;0.0887374800000000;3.80840800000000;0.101570700000000;0.124168200000000;3.80066700000000;0.403653400000000;0.0451944000000000;3.67870400000000;0.372680500000000;0.107438100000000;3.68683300000000
0.257621300000000;0.177747200000000;3.84007300000000;0.271047500000000;0.435322000000000;3.76016100000000;0.284340200000000;0.687437200000000;3.66945400000000;0.261496600000000;0.797492400000000;3.64466500000000;0.156858400000000;0.605588400000000;3.74086300000000;0.131491100000000;0.372426100000000;3.84005900000000;0.100578400000000;0.166644200000000;3.83203400000000;0.0883085900000000;0.145988000000000;3.82659800000000;0.390793600000000;0.578629600000000;3.63353400000000;0.432297700000000;0.355832700000000;3.67724000000000;0.414706900000000;0.148599500000000;3.67641900000000;0.400112800000000;0.0928314300000000;3.67871800000000;0.201346500000000;0.179615600000000;3.82660200000000;0.243069000000000;-0.105129900000000;3.93416700000000;0.300821200000000;-0.415556600000000;4.08070100000000;0.278594100000000;-0.471908000000000;4.08933000000000;0.309946900000000;0.173052000000000;3.79071800000000;0.352752500000000;-0.0645246400000000;3.82971400000000;0.376147500000000;-0.416196700000000;4.01765900000000;0.336478700000000;-0.472070500000000;4.04243300000000;0.281206500000000;0.625261600000000;3.69409000000000;0.0585762100000000;0.0880474400000000;3.78851900000000;0.119057900000000;0.127829300000000;3.81475000000000;0.390590700000000;0.0353232200000000;3.69746000000000;0.374984900000000;0.110981000000000;3.69300000000000
0.257809800000000;0.177846100000000;3.84024400000000;0.270907900000000;0.434596700000000;3.76081200000000;0.282784900000000;0.684198100000000;3.67164800000000;0.261327900000000;0.795946700000000;3.64426000000000;0.159295100000000;0.607686600000000;3.74108200000000;0.131753300000000;0.372598100000000;3.84033300000000;0.100576900000000;0.166851000000000;3.83205100000000;0.0887688000000000;0.146173400000000;3.83037900000000;0.392211500000000;0.576464700000000;3.63389500000000;0.433568100000000;0.355772600000000;3.67782800000000;0.407876600000000;0.136868000000000;3.68661800000000;0.398476200000000;0.0876565600000000;3.68381500000000;0.201748500000000;0.179811200000000;3.82717200000000;0.243850900000000;-0.106535900000000;3.93564100000000;0.293551200000000;-0.414723500000000;4.08807200000000;0.257600200000000;-0.466263100000000;3.99893500000000;0.309998700000000;0.173085600000000;3.79071700000000;0.352582300000000;-0.117321800000000;3.87865200000000;0.376300700000000;-0.419378000000000;4.02177400000000;0.336258500000000;-0.472847300000000;4.04117500000000;0.280123100000000;0.622793600000000;3.69581300000000;0.0639089100000000;0.114278700000000;3.79918400000000;0.0984897200000000;0.121069200000000;3.79416700000000;0.388683500000000;0.0477419300000000;3.67995900000000;0.371075200000000;0.100626400000000;3.68686200000000
0.258266300000000;0.177845700000000;3.84024700000000;0.271061000000000;0.434500800000000;3.76047000000000;0.282600700000000;0.684191200000000;3.67026200000000;0.261285200000000;0.795340000000000;3.64319900000000;0.158339000000000;0.604399700000000;3.74389100000000;0.133053500000000;0.375301800000000;3.84052200000000;0.102702500000000;0.169421800000000;3.83180700000000;0.0878090900000000;0.142049400000000;3.82571500000000;0.391181600000000;0.577754900000000;3.63277700000000;0.434313600000000;0.354605800000000;3.67871300000000;0.410548700000000;0.135417700000000;3.68498000000000;0.400735900000000;0.0882364100000000;3.68463300000000;0.202286900000000;0.179753500000000;3.82725600000000;0.243845100000000;-0.106566100000000;3.93563500000000;0.292111400000000;-0.410231400000000;4.09481900000000;0.296134800000000;-0.480798600000000;4.06672100000000;0.310336400000000;0.173121400000000;3.79063800000000;0.353017800000000;-0.116235800000000;3.87762000000000;0.376716700000000;-0.419818200000000;4.02186700000000;0.333489700000000;-0.471582700000000;4.03959900000000;0.280048100000000;0.622717000000000;3.69479300000000;0.0691165800000000;0.0882867900000000;3.79885200000000;0.104180200000000;0.121481300000000;3.80299100000000;0.403731300000000;0.0452036100000000;3.67945400000000;0.372827900000000;0.102289300000000;3.68568800000000
0.258929400000000;0.177779300000000;3.84062900000000;0.271771300000000;0.433885200000000;3.76059600000000;0.283475100000000;0.683114500000000;3.67009100000000;0.262020100000000;0.790920100000000;3.64238200000000;0.158575500000000;0.604181500000000;3.74360200000000;0.133935700000000;0.376892900000000;3.84063300000000;0.102793900000000;0.154813600000000;3.83247000000000;0.0818334500000000;0.135067600000000;3.82556700000000;0.391054900000000;0.578036600000000;3.63264800000000;0.436145100000000;0.349573400000000;3.67938800000000;0.410407500000000;0.134981800000000;3.68532300000000;0.400577000000000;0.0956856400000000;3.68683000000000;0.202910500000000;0.179604500000000;3.82746100000000;0.244423300000000;-0.105109800000000;3.93486100000000;0.290623800000000;-0.410068100000000;4.09518500000000;0.253985600000000;-0.461639100000000;4.00645100000000;0.310984300000000;0.173138700000000;3.79119000000000;0.343243300000000;-0.0629546700000000;3.84156100000000;0.377182200000000;-0.420570900000000;4.02256400000000;0.334921800000000;-0.470724000000000;4.04023600000000;0.280854900000000;0.621738800000000;3.69470200000000;0.0602366500000000;0.101784300000000;3.80926900000000;0.118910800000000;0.135198700000000;3.82457200000000;0.403826200000000;0.0452128300000000;3.68020400000000;0.372832500000000;0.105182300000000;3.68688900000000
0.259684400000000;0.178187500000000;3.84163500000000;0.271930300000000;0.433570100000000;3.76073100000000;0.283341300000000;0.681805600000000;3.66962500000000;0.262562400000000;0.789292600000000;3.64036800000000;0.158870000000000;0.604462100000000;3.74390700000000;0.134601700000000;0.368968400000000;3.84200300000000;0.110355400000000;0.162296900000000;3.83335000000000;0.0896663300000000;0.144617100000000;3.82516000000000;0.394858900000000;0.573647000000000;3.63349100000000;0.437094500000000;0.348868400000000;3.68076600000000;0.410537600000000;0.132893900000000;3.68745200000000;0.403033300000000;0.0956355400000000;3.69112900000000;0.203837800000000;0.180145100000000;3.82910000000000;0.244037800000000;-0.101521500000000;3.93394400000000;0.283687900000000;-0.406762200000000;4.09826500000000;0.247444600000000;-0.458492700000000;4.00943100000000;0.311515400000000;0.173407400000000;3.79167600000000;0.363447500000000;-0.109058900000000;3.86887700000000;0.352089900000000;-0.418302300000000;4.04111700000000;0.315305100000000;-0.469908600000000;3.95233800000000;0.280816000000000;0.620741300000000;3.69445300000000;0.0669820500000000;0.0990174600000000;3.81281700000000;0.134354700000000;0.145277800000000;3.82260000000000;0.395196100000000;0.0399109900000000;3.69767300000000;0.376241200000000;0.117578800000000;3.68891700000000
0.263102800000000;0.178369000000000;3.84167100000000;0.273845500000000;0.432423800000000;3.75985600000000;0.284441900000000;0.679487600000000;3.66752000000000;0.263458300000000;0.788002800000000;3.63586000000000;0.159513500000000;0.604734500000000;3.74411700000000;0.137184600000000;0.373699900000000;3.84234800000000;0.107801100000000;0.167689800000000;3.83518600000000;0.0871034000000000;0.144304900000000;3.83411600000000;0.400068300000000;0.571819200000000;3.63337900000000;0.438672000000000;0.343659500000000;3.68141400000000;0.410209200000000;0.132670900000000;3.68839600000000;0.400982600000000;0.0960723500000000;3.68851600000000;0.206078600000000;0.180322200000000;3.82920400000000;0.245935400000000;-0.103646700000000;3.93527900000000;0.283882600000000;-0.406932100000000;4.09816500000000;0.301184700000000;-0.472445500000000;4.04788400000000;0.316165200000000;0.173546800000000;3.79152200000000;0.363376600000000;-0.109311500000000;3.86925000000000;0.368969900000000;-0.417432600000000;4.02772200000000;0.332435300000000;-0.469224200000000;3.93890800000000;0.282094900000000;0.618718300000000;3.69269000000000;0.0691963200000000;0.0988971500000000;3.80733400000000;0.127934200000000;0.154265600000000;3.83177800000000;0.403849200000000;0.0452159000000000;3.68045400000000;0.374120700000000;0.107424100000000;3.68703200000000
0.263458000000000;0.178546400000000;3.84251400000000;0.276086200000000;0.431341700000000;3.75893800000000;0.291753700000000;0.675541200000000;3.66118500000000;0.264464400000000;0.786088400000000;3.63496100000000;0.160923900000000;0.605361600000000;3.74202200000000;0.139048000000000;0.377900800000000;3.84256100000000;0.108682300000000;0.172014200000000;3.83526300000000;0.0863285200000000;0.146177700000000;3.83253100000000;0.397697700000000;0.572883000000000;3.63216400000000;0.439220800000000;0.343014200000000;3.68158700000000;0.410624500000000;0.132423100000000;3.68881400000000;0.402568500000000;0.0951963300000000;3.69194800000000;0.206424700000000;0.180618300000000;3.82991100000000;0.245763000000000;-0.104021500000000;3.93810500000000;0.283973600000000;-0.408430400000000;4.09947100000000;0.302209600000000;-0.476364700000000;4.06494500000000;0.316472200000000;0.173582600000000;3.79247200000000;0.363383200000000;-0.109650200000000;3.86959700000000;0.373074500000000;-0.417439200000000;4.03115900000000;0.339124300000000;-0.469145100000000;4.03974300000000;0.287825200000000;0.615559600000000;3.68807900000000;0.0614510400000000;0.0991128800000000;3.81629900000000;0.123911900000000;0.146307500000000;3.82392100000000;0.394410300000000;0.0402403700000000;3.68595800000000;0.374635800000000;0.107672300000000;3.68658800000000
0.264582800000000;0.179101900000000;3.84280600000000;0.277337500000000;0.431157700000000;3.75765000000000;0.292242900000000;0.675129700000000;3.65847400000000;0.266756200000000;0.784347200000000;3.63127100000000;0.162978100000000;0.607222000000000;3.74125500000000;0.139271500000000;0.371375100000000;3.84417700000000;0.103092700000000;0.166432000000000;3.83607100000000;0.0815522200000000;0.146966600000000;3.82936100000000;0.395308400000000;0.577709000000000;3.62868300000000;0.439992500000000;0.340755400000000;3.68119600000000;0.414242700000000;0.133794600000000;3.68691200000000;0.407826800000000;0.0929957000000000;3.69134600000000;0.208098200000000;0.181325900000000;3.83027600000000;0.245379100000000;-0.102259900000000;3.93833100000000;0.284691800000000;-0.409032600000000;4.10030000000000;0.295687700000000;-0.478268300000000;4.06139100000000;0.317084400000000;0.173974200000000;3.79267000000000;0.364002800000000;-0.109107100000000;3.86892400000000;0.374218100000000;-0.418318200000000;4.03103500000000;0.336473900000000;-0.470261600000000;3.94305700000000;0.288608300000000;0.615130200000000;3.68559000000000;0.0641048600000000;0.0989450000000000;3.80914200000000;0.0921812700000000;0.125957900000000;3.80740000000000;0.406110400000000;0.0379909300000000;3.70211100000000;0.378557300000000;0.118889900000000;3.68860000000000
0.269074200000000;0.179937500000000;3.84545200000000;0.281174100000000;0.428874400000000;3.75729300000000;0.295435600000000;0.669773500000000;3.65599500000000;0.274758900000000;0.783274400000000;3.62587200000000;0.165923300000000;0.608698800000000;3.73889900000000;0.139907900000000;0.370569800000000;3.84444100000000;0.100741100000000;0.166184500000000;3.83783300000000;0.0761575600000000;0.144294800000000;3.82595900000000;0.395337600000000;0.578257600000000;3.62829600000000;0.445056100000000;0.352558500000000;3.67998100000000;0.418814000000000;0.134984300000000;3.68921800000000;0.412383800000000;0.0914132700000000;3.70063900000000;0.211958000000000;0.182239500000000;3.83218600000000;0.245210000000000;-0.0999670900000000;3.93896500000000;0.321748600000000;-0.401693800000000;4.06564300000000;0.284022200000000;-0.445121600000000;4.11642600000000;0.321996200000000;0.174674100000000;3.79606100000000;0.364457800000000;-0.108755100000000;3.86913300000000;0.375604500000000;-0.419366200000000;4.03055000000000;0.341075300000000;-0.472619800000000;4.06448200000000;0.292028900000000;0.610569200000000;3.68359600000000;0.0639626600000000;0.0987344700000000;3.80101800000000;0.0794452400000000;0.116382100000000;3.79514300000000;0.412009600000000;0.0354277700000000;3.70878600000000;0.384224800000000;0.101486800000000;3.69818200000000
0.271848600000000;0.180283100000000;3.84465000000000;0.286062800000000;0.428595000000000;3.75416800000000;0.300578400000000;0.669801400000000;3.65152000000000;0.281612200000000;0.781233500000000;3.61886900000000;0.171125900000000;0.611079900000000;3.73236200000000;0.143321400000000;0.378786500000000;3.84218000000000;0.102165500000000;0.175493400000000;3.84954900000000;0.0708006300000000;0.148800100000000;3.81838100000000;0.395503700000000;0.577978300000000;3.62773900000000;0.447266100000000;0.354626300000000;3.67867800000000;0.423418300000000;0.135528500000000;3.68461200000000;0.415582000000000;0.0913317800000000;3.69546500000000;0.214207200000000;0.182624700000000;3.83133300000000;0.244412600000000;-0.0999159700000000;3.93956100000000;0.282765200000000;-0.386856400000000;4.08845900000000;0.301757800000000;-0.467041000000000;4.05859400000000;0.325232500000000;0.174966000000000;3.79530400000000;0.365086200000000;-0.108531900000000;3.86821200000000;0.378630000000000;-0.417801400000000;4.02586200000000;0.341680200000000;-0.470253600000000;3.93786600000000;0.297182700000000;0.610415200000000;3.67930800000000;0.0432490800000000;0.119764600000000;3.80851700000000;0.0847790100000000;0.143449900000000;3.80130000000000;0.416216900000000;0.0353543700000000;3.70120100000000;0.385189000000000;0.0775071600000000;3.68460000000000
0.274798100000000;0.180951100000000;3.84634400000000;0.289840300000000;0.427810300000000;3.75481100000000;0.305077100000000;0.667971900000000;3.65156000000000;0.285147100000000;0.778474200000000;3.61740500000000;0.172817000000000;0.609312600000000;3.73249200000000;0.144433900000000;0.362034000000000;3.84793200000000;0.0806454700000000;0.164385800000000;3.82414300000000;0.0670973700000000;0.146593800000000;3.82409900000000;0.410669100000000;0.579088700000000;3.62531400000000;0.448719500000000;0.355393900000000;3.67944100000000;0.425787700000000;0.135695700000000;3.68782600000000;0.416434600000000;0.0918845200000000;3.70355900000000;0.216616300000000;0.183737400000000;3.83191200000000;0.244477600000000;-0.103418900000000;3.94512000000000;0.284192200000000;-0.396081300000000;4.09423700000000;0.301887400000000;-0.466911500000000;4.05893900000000;0.328924200000000;0.175059400000000;3.79853900000000;0.369217200000000;-0.106714400000000;3.86722800000000;0.378649700000000;-0.417675100000000;4.02629700000000;0.343017600000000;-0.476806600000000;4.03125000000000;0.301468700000000;0.608818800000000;3.67945600000000;0.0536571400000000;0.119732300000000;3.80751700000000;0.0872851200000000;0.139314500000000;3.81400000000000;0.410793300000000;0.0363757100000000;3.70769700000000;0.391669600000000;0.0980184900000000;3.69830000000000
0.276701000000000;0.180704100000000;3.84721400000000;0.293964700000000;0.427278500000000;3.75380600000000;0.312156800000000;0.667734200000000;3.64768300000000;0.296510400000000;0.775192300000000;3.61000800000000;0.175474200000000;0.608775700000000;3.73214300000000;0.146177600000000;0.362616300000000;3.84793500000000;0.0946447800000000;0.161504700000000;3.85242200000000;0.0794121500000000;0.163704300000000;3.82983600000000;0.411270400000000;0.576559700000000;3.62440500000000;0.451162200000000;0.355025100000000;3.67885700000000;0.426817000000000;0.135632000000000;3.68816400000000;0.419635100000000;0.0861476800000000;3.69490000000000;0.218655500000000;0.183693200000000;3.83283100000000;0.244823100000000;-0.104285700000000;3.94570200000000;0.283490100000000;-0.403575600000000;4.09375900000000;0.302436800000000;-0.471327300000000;4.05934600000000;0.330495400000000;0.174679100000000;3.79921900000000;0.371106300000000;-0.106476300000000;3.86636800000000;0.380093200000000;-0.415412200000000;4.02542700000000;0.343849800000000;-0.468123400000000;3.93727100000000;0.307727500000000;0.608430000000000;3.67638200000000;0.0536007100000000;0.119669300000000;3.80551700000000;0.0940915200000000;0.146520100000000;3.80040000000000;0.414265400000000;0.0351872000000000;3.68370100000000;0.394192200000000;0.101440500000000;3.69709100000000
0.282025000000000;0.180900400000000;3.84965600000000;0.299147500000000;0.425452900000000;3.75458600000000;0.316731500000000;0.664281200000000;3.64770300000000;0.304758000000000;0.767091500000000;3.61054800000000;0.186104500000000;0.612002500000000;3.72777400000000;0.149587300000000;0.365597200000000;3.84682900000000;0.0961403400000000;0.164926300000000;3.85066400000000;0.0648181000000000;0.147896400000000;3.81795100000000;0.413124700000000;0.573539600000000;3.62360500000000;0.454951200000000;0.354259100000000;3.67829400000000;0.430637900000000;0.133353200000000;3.68997900000000;0.422243300000000;0.0871790900000000;3.70442200000000;0.223965900000000;0.184198800000000;3.83533000000000;0.244415000000000;-0.102238100000000;3.94640300000000;0.281383200000000;-0.397239600000000;4.09349200000000;0.301795000000000;-0.465701700000000;4.05932200000000;0.335555400000000;0.174599300000000;3.80142800000000;0.375433600000000;-0.103513700000000;3.86460700000000;0.380191500000000;-0.415341900000000;4.02538400000000;0.344494600000000;-0.472246600000000;4.04439900000000;0.312466400000000;0.605377000000000;3.67652000000000;0.0433460700000000;0.130454200000000;3.81651600000000;0.0854134400000000;0.146097100000000;3.79700000000000;0.415296600000000;0.0355863000000000;3.70012600000000;0.397293900000000;0.100364000000000;3.70533300000000
0.285874500000000;0.181340600000000;3.85146900000000;0.303481800000000;0.423827900000000;3.75411300000000;0.322001500000000;0.659966400000000;3.64472200000000;0.309080700000000;0.764933200000000;3.60573700000000;0.191046200000000;0.614091900000000;3.72689600000000;0.152952000000000;0.367044500000000;3.84439200000000;0.0966885000000000;0.167370100000000;3.85120500000000;0.0663505100000000;0.144081900000000;3.81779100000000;0.414932500000000;0.571985200000000;3.62290300000000;0.460041900000000;0.351576800000000;3.67912600000000;0.433011100000000;0.133701400000000;3.69089500000000;0.424420100000000;0.0842350500000000;3.70443200000000;0.228353200000000;0.184603100000000;3.83668000000000;0.244449100000000;-0.101925600000000;3.94645900000000;0.281517400000000;-0.400735900000000;4.09440900000000;0.244949300000000;-0.453808000000000;4.00705100000000;0.338860200000000;0.175086200000000;3.80363200000000;0.383017000000000;-0.0635346400000000;3.83826800000000;0.381318100000000;-0.415572500000000;4.02459800000000;0.343789000000000;-0.472542900000000;4.04421900000000;0.317501900000000;0.601825500000000;3.67422500000000;0.0588053700000000;0.123030200000000;3.80251600000000;0.0827845000000000;0.140151300000000;3.80188100000000;0.415339400000000;0.0356293700000000;3.70141900000000;0.403397000000000;0.0975428700000000;3.70285700000000
0.289112600000000;0.181293500000000;3.85356400000000;0.309725000000000;0.422618800000000;3.75253200000000;0.332709600000000;0.657432100000000;3.63723700000000;0.323570900000000;0.763338400000000;3.58838500000000;0.197227600000000;0.612799700000000;3.72555900000000;0.159720000000000;0.366277100000000;3.84419400000000;0.0963410300000000;0.168787600000000;3.85168100000000;0.0680601400000000;0.153420000000000;3.82872400000000;0.449390600000000;0.548620000000000;3.61618700000000;0.466453700000000;0.347553000000000;3.67899300000000;0.437750200000000;0.134148200000000;3.69186800000000;0.426702700000000;0.0783379300000000;3.70717400000000;0.231401300000000;0.184827200000000;3.83743600000000;0.243639600000000;-0.101761000000000;3.94629100000000;0.283697600000000;-0.402795200000000;4.09740800000000;0.247797500000000;-0.456243400000000;4.01002700000000;0.342417100000000;0.174697800000000;3.80753900000000;0.382438500000000;-0.103505100000000;3.87471900000000;0.383533900000000;-0.416293700000000;4.02594700000000;0.346921000000000;-0.470406800000000;4.04144000000000;0.327033100000000;0.599592300000000;3.66841700000000;0.0485778300000000;0.140928200000000;3.81751500000000;0.0797425800000000;0.152357800000000;3.80975000000000;0.418186100000000;0.0269423900000000;3.70361700000000;0.404420000000000;0.0980201400000000;3.70681800000000